time,x,y,z,u,v,w,phi,theta,psi,p,q,r,Fx,Fy,Fz,l,m,n
0.0,-39.12258049865028,-0.11045754097426752,-1378.5675973916805,-3912.2580498650277,-11.045754097426752,-137856.75973916805,0.4295880916178434,1.5696225485446522,0.5494303453457063,-271.20045619719497,125820.66839844619,54.94303453457063,1196516.1451484698,-50650.32950716943,-151642435.71308485,-23006.23400506371,14280645.863223642,12918.88524899731
0.01,-35916.11289373513,-20070.299879718506,609906.3721023089,-61133273.431687005,-1533808.8003029523,-3736682.2852836153,-0.06759182443686562,0.8689224794851409,-0.21094016798154414,-611453254.4344188,189680183.7350494,-58707646.27321451,-67244677438.10737,-1686549736.8042834,-3958640581.8423014,-49679233403.43224,21514420207.830116,-2989248844.7304997
0.02,-126958605886.2981,-41598945573.83699,-90892393274.37065,-512130722436.7114,-5718850786859.333,-15104215934372.51,0.06514693564965945,-0.42280900302965385,-1.3680832547777122,370130015870062.44,-39758746557227.03,89046360002771.88,-563276587354328.0,-6290734039283755.0,-1.6614632831998014e+16,2.9430206666916296e+16,-4512639262946122.0,1.1221697523282748e+16
0.03,2.0092408838673418e+21,6.071323218499335e+21,-2.872036660764347e+21,-6.232883631509891e+23,3.161202671353221e+23,-5.518771972514491e+22,-0.06676632133397398,-0.8091282656558558,-0.7516399745963191,-3.913815241273334e+25,-1.5437573685593733e+24,-8.770000900247324e+24,-6.856171994655404e+26,3.477322938551636e+26,-6.070649168105124e+25,-3.119743748035689e+27,-1.7521646132697623e+26,-1.0729853294119258e+27
